{"train_set_before_training": 0.2, "global_step": 39, "average_loss": 0.43520320622393716, "train_set_after_training": 0.86, "test_set_after_training": {"acc": 0.9047485072993842, "f1": 0.0, "f1-macro": 0.4749963072984195}}