{"train_set_before_training": 0.5, "global_step": 9, "average_loss": 0.6807721588346693, "train_set_after_training": 1.0, "test_set_after_training": {"acc": 0.7783456813279565, "f1": 0.16939026533122473, "f1-macro": 0.5207493519778604}}