{"train_set_before_training": 0.28, "global_step": 39, "average_loss": 0.46317640362450707, "train_set_after_training": 0.86, "test_set_after_training": {"acc": 0.9048110287911469, "f1": 0.0, "f1-macro": 0.47501353946137564}}